{"iter": 3910, "total_loss": 0.05170060694217682, "loss_ce": 0.039473291486501694, "loss_dice": 0.042816996574401855, "loss_sdf_1class": 0.0191249568015337, "consistency_segMse_loss": 0.0024968695361167192, "consistency_1class_loss": 0.01582404039800167, "consistency_weight": 0.054199418845918716, "uncertainty_teacher_unlabel": 0.05452661216259003, "uncertainty_student_label": 0.028650477528572083, "uncertainty_student_unlabel": 0.03818035125732422, "_runtime": 14111, "_timestamp": 1677498843, "_step": 3928, "uncertainty_validation": 0.02318117395043373}