{"iter": 30000, "total_loss": 0.016050389036536217, "loss_ce": 0.016498815268278122, "loss_dice": 0.015434861183166504, "consistency_segMse_loss": 0.0008355150348506868, "consistency_weight": 0.1, "uncertainty_teacher_unlabel": 0.014975784346461296, "uncertainty_student_label": 0.01939188502728939, "uncertainty_student_unlabel": 0.010903788730502129, "_runtime": 80073, "_timestamp": 1677679568, "_step": 29999, "_wandb": {"runtime": 80161}}