{"iter": 30000, "total_loss": 0.02809259109199047, "loss_ce": 0.024162819609045982, "loss_dice": 0.020766615867614746, "loss_sdf_1class": 0.010660751722753048, "consistency_segMse_loss": 0.001157161546871066, "consistency_1class_loss": 0.0018177998717874289, "consistency_weight": 0.1, "uncertainty_teacher_unlabel": 0.029494689777493477, "uncertainty_student_label": 0.01646139658987522, "uncertainty_student_unlabel": 0.03088592179119587, "_runtime": 95680, "_timestamp": 1676985600, "_step": 30149, "uncertainty_validation": 0.018046829849481583, "_wandb": {"runtime": 95681}}