{"iter": 30000, "total_loss": 0.035695143043994904, "loss_ce": 0.02249622717499733, "loss_dice": 0.01757475733757019, "loss_sdf_1class": 0.027204181998968124, "consistency_segMse_loss": 0.0016697979299351573, "consistency_1class_loss": 0.018905816599726677, "consistency_weight": 0.1, "_runtime": 63322, "_timestamp": 1677656691, "_step": 30149, "uncertainty_validation": 0.01676647737622261, "_wandb": {"runtime": 63323}}