{"iter": 115, "total_loss": 0.2198287844657898, "loss_ce": 0.17257539927959442, "loss_dice": 0.13435548543930054, "loss_sdf_1class": 0.06621188670396805, "consistency_segMse_loss": 0.015759851783514023, "consistency_1class_loss": 0.006718073971569538, "consistency_weight": 0.006737946999085467, "uncertainty_teacher_unlabel": 0.26104462146759033, "uncertainty_student_label": 0.16301646828651428, "uncertainty_student_unlabel": 0.09210285544395447, "_runtime": 332, "_timestamp": 1675679010, "_step": 114, "_wandb": {"runtime": 334}}