{"iter": 415, "total_loss": 0.09627576917409897, "loss_ce": 0.08289122581481934, "loss_dice": 0.0669211745262146, "loss_sdf_1class": 0.042286165058612823, "consistency_segMse_loss": 0.007258170284330845, "consistency_1class_loss": 0.014299394562840462, "consistency_weight": 0.010506248285804652, "_runtime": 1393, "_timestamp": 1684200595, "_step": 414, "_wandb": {"runtime": 1395}}