{"iter": 24412, "total_loss": 0.01138172298669815, "supervised_loss": 0.01138172298669815, "_runtime": 87297, "_timestamp": 1680683836, "_step": 24411, "_wandb": {"runtime": 87300}}