{"iter": 30000, "total_loss": 0.03385976701974869, "loss_ce": 0.017907993867993355, "loss_dice": 0.01629883050918579, "loss_sdf_1class": 0.00936893280595541, "consistency_segMse_loss": 0.0010854598367586732, "consistency_1class_loss": 0.006325084716081619, "consistency_weight": 0.9968798777302081, "uncertainty_teacher_unlabel": 0.0403035469353199, "uncertainty_student_label": 0.014518314972519875, "uncertainty_student_unlabel": 0.019904298707842827, "_runtime": 94516, "_timestamp": 1675334063, "_step": 30149, "uncertainty_validation": 0.01668068952858448, "_wandb": {"runtime": 94517}}