{"iter": 28953, "total_loss": 0.017706651240587234, "loss_ce": 0.0063041867688298225, "loss_dice": 0.020478904247283936, "loss_sdf_1class": 0.005592571571469307, "consistency_segMse_loss": 0.0007499046623706818, "consistency_1class_loss": 0.014438282698392868, "consistency_weight": 0.1, "uncertainty_teacher_unlabel": 0.03308257460594177, "uncertainty_student_label": 0.005630087573081255, "uncertainty_student_unlabel": 0.024878624826669693, "_runtime": 74431, "_timestamp": 1677498840, "_step": 29096, "uncertainty_validation": 0.017336122691631317}