{"iter": 25, "total_loss": 0.17420761287212372, "loss_ce": 0.10991814732551575, "loss_dice": 0.08716392517089844, "loss_sdf_1class": 0.15110789239406586, "consistency_segMse_loss": 0.009416920132935047, "consistency_1class_loss": 0.15775083005428314, "consistency_weight": 0.0006737946999085467, "uncertainty_teacher_unlabel": 0.5331181883811951, "uncertainty_student_label": 0.29412972927093506, "uncertainty_student_unlabel": 0.43847742676734924, "_runtime": 81, "_timestamp": 1677499793, "_step": 24, "_wandb": {"runtime": 84}}