{"iter": 30000, "total_loss": 0.025171833112835884, "loss_ce": 0.009444872848689556, "loss_dice": 0.04075673222541809, "consistency_segMse_loss": 0.000710305233951658, "consistency_weight": 0.1, "uncertainty_teacher_unlabel": 0.016562363132834435, "uncertainty_student_label": 0.005049503408372402, "uncertainty_student_unlabel": 0.00909051951020956, "_runtime": 53574, "_timestamp": 1677787859, "_step": 29999, "_wandb": {"runtime": 53699}}