{"iter": 3200, "total_loss": 0.08827222138643265, "loss_ce": 0.04678845405578613, "loss_dice": 0.10938385128974915, "loss_sdf_1class": 0.019363760948181152, "consistency_segMse_loss": 0.003024186473339796, "consistency_1class_loss": 0.007143053226172924, "consistency_weight": 0.049589666466475966, "_runtime": 12712, "_timestamp": 1683503010, "_step": 3199, "_wandb": {"runtime": 12815}}