{"iter": 30000, "total_loss": 0.022229347378015518, "loss_ce": 0.016839371994137764, "loss_dice": 0.015605837106704712, "loss_sdf_1class": 0.01091583352535963, "consistency_segMse_loss": 0.001379705616272986, "consistency_1class_loss": 0.004108557011932135, "consistency_weight": 0.1, "uncertainty_teacher_unlabel": 0.0412474051117897, "uncertainty_student_label": 0.014405176974833012, "uncertainty_student_unlabel": 0.023760933429002762, "_runtime": 93117, "_timestamp": 1677214293, "_step": 30149, "uncertainty_validation": 0.016672762110829353, "_wandb": {"runtime": 93118}}