{"iter": 30000, "total_loss": 0.03363820165395737, "loss_ce": 0.026884419843554497, "loss_dice": 0.02199450135231018, "loss_sdf_1class": 0.008959588594734669, "consistency_segMse_loss": 0.0007749621290713549, "consistency_1class_loss": 0.0016165792476385832, "consistency_weight": 0.1, "uncertainty_teacher_unlabel": 0.024853182956576347, "uncertainty_student_label": 0.01711118593811989, "uncertainty_student_unlabel": 0.02724514715373516, "_runtime": 93614, "_timestamp": 1676540912, "_step": 30149, "uncertainty_validation": 0.015533815138041973, "_wandb": {"runtime": 93615}}