{"iter": 50, "total_loss": 0.2088220715522766, "loss_ce": 0.16634723544120789, "loss_dice": 0.12445729970932007, "loss_sdf_1class": 0.06339410692453384, "consistency_segMse_loss": 0.010458682663738728, "consistency_1class_loss": 0.027668822556734085, "consistency_weight": 0.0006737946999085467, "uncertainty_teacher_unlabel": 0.4507899582386017, "uncertainty_student_label": 0.3315005898475647, "uncertainty_student_unlabel": 0.2679806649684906, "_runtime": 146, "_timestamp": 1676446514, "_step": 49, "_wandb": {"runtime": 148}}