{"iter": 30000, "total_loss": 0.009790079668164253, "supervised_loss": 0.009790079668164253, "_runtime": 112549, "_timestamp": 1680796986, "_step": 29999, "_wandb": {"runtime": 112732}}