{"iter": 30000, "total_loss": 0.03599986433982849, "loss_ce": 0.01834581233561039, "loss_dice": 0.01666945219039917, "loss_sdf_1class": 0.009671504609286785, "consistency_segMse_loss": 0.0018313011387363076, "consistency_1class_loss": 0.007017035037279129, "consistency_weight": 0.9968798777302081, "uncertainty_teacher_unlabel": 0.041040483862161636, "uncertainty_student_label": 0.014645218849182129, "uncertainty_student_unlabel": 0.019964750856161118, "use_sharpening": 0, "_runtime": 95174, "_timestamp": 1675775447, "_step": 30149, "uncertainty_validation": 0.016358543187379837, "_wandb": {"runtime": 95174}}