{"iter": 30000, "total_loss": 0.09824760258197784, "loss_ce": 0.07613778114318848, "loss_dice": 0.11203789710998535, "loss_sdf_1class": 0.006194711662828922, "consistency_segMse_loss": 0.0014394751051440835, "consistency_1class_loss": 0.009184600785374641, "consistency_weight": 0.1, "uncertainty_teacher_unlabel": 0.011283289641141891, "uncertainty_student_label": 0.07214124500751495, "uncertainty_student_unlabel": 0.010862283408641815, "_runtime": 84768, "_timestamp": 1677584654, "_step": 30149, "uncertainty_validation": 0.0159495547413826, "_wandb": {"runtime": 84768}}