{"iter": 30000, "total_loss": 0.09017529338598251, "loss_seg": 0.04051878675818443, "loss_dice": 0.07599741220474243, "loss_hausdorff": 0.03894283249974251, "consistency_weight": 1.0, "consistency_loss": 0.0024950297083705664, "_runtime": 64200, "_timestamp": 1682410082, "_step": 29999, "_wandb": {"runtime": 64377}}