{"iter": 30000, "total_loss": 0.03385976701974869, "loss_ce": 0.017907995730638504, "loss_dice": 0.01629883050918579, "loss_sdf_1class": 0.00936893280595541, "consistency_segMse_loss": 0.0010854598367586732, "consistency_1class_loss": 0.006325084716081619, "consistency_weight": 0.9968798777302081, "_runtime": 94966, "_timestamp": 1675273306, "_step": 29999, "_wandb": {"runtime": 95056}}