{"iter": 30000, "total_loss": 0.1439157873392105, "loss_seg": 0.04882344976067543, "loss_dice": 0.13022780418395996, "loss_hausdorff": 0.03196566924452782, "consistency_weight": 1.0, "consistency_loss": 0.004098279867321253, "_runtime": 60262, "_timestamp": 1682470836, "_step": 29999, "_wandb": {"runtime": 60430}}