{"iter": 38, "total_loss": 0.1943788081407547, "loss_ce": 0.1691288948059082, "loss_dice": 0.09906667470932007, "loss_sdf_1class": 0.059674832969903946, "consistency_segMse_loss": 0.03372326120734215, "consistency_1class_loss": 0.05624376982450485, "consistency_weight": 0.006737946999085467, "uncertainty_teacher_unlabel": 0.48335129022598267, "uncertainty_student_label": 0.30843445658683777, "uncertainty_student_unlabel": 0.245797798037529, "_runtime": 111, "_timestamp": 1675239461, "_step": 37, "_wandb": {"runtime": 112}}