{"iter": 30000, "total_loss": 0.07485675066709518, "loss_seg": 0.011922074481844902, "loss_dice": 0.06297838687896729, "loss_hausdorff": 0.032444048672914505, "consistency_weight": 1.0, "consistency_loss": 0.0021451469510793686, "_runtime": 61115, "_timestamp": 1682232502, "_step": 29999, "_wandb": {"runtime": 61285}}