{"iter": 30000, "total_loss": 0.021825039759278297, "loss_ce": 0.018050644546747208, "loss_dice": 0.015248537063598633, "loss_sdf_1class": 0.008686705492436886, "consistency_segMse_loss": 0.0019268003525212407, "consistency_1class_loss": 0.006394165102392435, "consistency_weight": 0.1, "uncertainty_teacher_unlabel": 0.029395289719104767, "uncertainty_student_label": 0.01224461942911148, "uncertainty_student_unlabel": 0.04608890414237976, "_runtime": 66324, "_timestamp": 1677490644, "_step": 30149, "uncertainty_validation": 0.017999917268753052, "_wandb": {"runtime": 66324}}