{"iter": 27, "total_loss": 0.27486395835876465, "loss_ce": 0.22828149795532227, "loss_dice": 0.17963749170303345, "loss_sdf_1class": 0.07040342688560486, "consistency_segMse_loss": 0.013792214915156364, "consistency_1class_loss": 0.0605660080909729, "consistency_weight": 0.006737946999085467, "uncertainty_teacher_unlabel": 0.5353226065635681, "uncertainty_student_label": 0.4169934391975403, "uncertainty_student_unlabel": 0.460631787776947, "_runtime": 90, "_timestamp": 1675677405, "_step": 26, "_wandb": {"runtime": 352}}