{"iter": 22, "total_loss": 0.2554236948490143, "loss_ce": 0.1810145080089569, "loss_dice": 0.10543838143348694, "loss_sdf_1class": 0.11173086613416672, "consistency_segMse_loss": 0.00672392500564456, "consistency_1class_loss": 0.06249305233359337, "consistency_weight": 0.006737946999085467, "uncertainty_teacher_unlabel": 0.5377699136734009, "uncertainty_student_label": 0.3750585615634918, "uncertainty_student_unlabel": 0.4445473849773407, "_runtime": 131, "_timestamp": 1675664416, "_step": 21, "_wandb": {"runtime": 133}}