{"iter": 30000, "total_loss": 0.02469053864479065, "loss_ce": 0.01826447620987892, "loss_dice": 0.015943557024002075, "loss_sdf_1class": 0.013897538185119629, "consistency_segMse_loss": 0.0006673424504697323, "consistency_1class_loss": 0.005710182245820761, "consistency_weight": 0.1, "uncertainty_teacher_unlabel": 0.03603397682309151, "uncertainty_student_label": 0.025522645562887192, "uncertainty_student_unlabel": 0.009887117892503738, "_runtime": 106817, "_timestamp": 1677606096, "_step": 30149, "uncertainty_validation": 0.017352113500237465, "_wandb": {"runtime": 106818}}