{"iter": 21200, "total_loss": 0.035477299243211746, "loss_ce": 0.03422834724187851, "loss_dice": 0.01999044418334961, "loss_sdf_1class": 0.014732683077454567, "consistency_segMse_loss": 0.0034818286076188087, "consistency_1class_loss": 0.006533791311085224, "consistency_weight": 0.1, "uncertainty_teacher_unlabel": 0.047538094222545624, "uncertainty_student_label": 0.03307542949914932, "uncertainty_student_unlabel": 0.02330898307263851, "_runtime": 53233, "_timestamp": 1682006548, "_step": 21304, "uncertainty_validation": 0.01910671778023243, "_wandb": {"runtime": 53234}}