{"iter": 30000, "total_loss": 0.018153507262468338, "loss_ce": 0.019707493484020233, "loss_dice": 0.016460657119750977, "consistency_segMse_loss": 0.0006943252519704401, "consistency_weight": 0.1, "uncertainty_teacher_unlabel": 0.0151443462818861, "uncertainty_student_label": 0.013922501355409622, "uncertainty_student_unlabel": 0.007194399833679199, "_runtime": 49050, "_timestamp": 1677791852, "_step": 29999, "_wandb": {"runtime": 49117}}