{"iter": 228, "total_loss": 0.08201129734516144, "loss_ce": 0.0488341823220253, "loss_dice": 0.06745776534080505, "loss_sdf_1class": 0.023836776614189148, "consistency_segMse_loss": 0.01703711412847042, "consistency_1class_loss": 0.01606426201760769, "consistency_weight": 0.0008624700856245928, "uncertainty_teacher_unlabel": 0.15608817338943481, "uncertainty_student_label": 0.10004597157239914, "uncertainty_student_unlabel": 0.17448897659778595, "_runtime": 710, "_timestamp": 1676447243, "_step": 228, "uncertainty_validation": 0.08066154271364212, "_wandb": {"runtime": 711}}