{"iter": 30000, "total_loss": 0.028032897040247917, "loss_ce": 0.0170125849545002, "loss_dice": 0.015792816877365112, "loss_sdf_1class": 0.01124438177794218, "consistency_segMse_loss": 0.0006694105104543269, "consistency_1class_loss": 0.003200819715857506, "consistency_weight": 0.09968798777302082, "uncertainty_teacher_unlabel": 0.036471977829933167, "uncertainty_student_label": 0.015007399953901768, "uncertainty_student_unlabel": 0.027987033128738403, "_runtime": 95846, "_timestamp": 1675340626, "_step": 30149, "uncertainty_validation": 0.017253076657652855, "_wandb": {"runtime": 95846}}