{"iter": 200, "total_loss": 0.14712481200695038, "loss_ce": 0.07663680613040924, "loss_dice": 0.217597097158432, "consistency_segMse_loss": 0.009112036786973476, "consistency_weight": 0.0008624700856245928, "uncertainty_teacher_unlabel": 0.188312366604805, "uncertainty_student_label": 0.10962491482496262, "uncertainty_student_unlabel": 0.049496572464704514, "_runtime": 259, "_timestamp": 1677596228, "_step": 199, "_wandb": {"runtime": 260}}