{"iter": 10, "total_loss": 0.5776332020759583, "loss_ce": 0.37937358021736145, "loss_dice": 0.5182245373725891, "loss_sdf_1class": 0.257374107837677, "consistency_segMse_loss": 0.013754498213529587, "consistency_1class_loss": 0.20447006821632385, "consistency_weight": 0.0006737946999085467, "uncertainty_teacher_unlabel": 0.6378167271614075, "uncertainty_student_label": 0.578166663646698, "uncertainty_student_unlabel": 0.6384536623954773, "_runtime": 151, "_timestamp": 1681879372, "_step": 9}