{"iter": 30000, "total_loss": 0.025107907131314278, "loss_ce": 0.027398712933063507, "loss_dice": 0.022725552320480347, "consistency_segMse_loss": 0.0004577420186251402, "consistency_weight": 0.1, "uncertainty_teacher_unlabel": 0.02328675612807274, "uncertainty_student_label": 0.01608821004629135, "uncertainty_student_unlabel": 0.022505296394228935, "_runtime": 40246, "_timestamp": 1677876696, "_step": 29999, "_wandb": {"runtime": 40308}}