{"iter": 2333, "total_loss": 0.03865667060017586, "supervised_loss": 0.03865667060017586, "_runtime": 8233, "_timestamp": 1680587589, "_step": 2332, "_wandb": {"runtime": 8235}}