{"iter": 25, "total_loss": 0.30198919773101807, "loss_ce": 0.24264594912528992, "loss_dice": 0.20842644572257996, "loss_sdf_1class": 0.07613085210323334, "consistency_segMse_loss": 0.005802609492093325, "consistency_1class_loss": 0.042009640485048294, "consistency_weight": 0.006737946999085467, "uncertainty_teacher_unlabel": 0.5271681547164917, "uncertainty_student_label": 0.4906133711338043, "uncertainty_student_unlabel": 0.4634498953819275, "_runtime": 85, "_timestamp": 1675678411, "_step": 24, "_wandb": {"runtime": 88}}