{"iter": 30000, "total_loss": 0.048769522458314896, "loss_ce": 0.042374685406684875, "loss_dice": 0.044606953859329224, "loss_sdf_1class": 0.008171147666871548, "consistency_segMse_loss": 0.0003405144379939884, "consistency_1class_loss": 0.011590776965022087, "consistency_weight": 0.1, "uncertainty_teacher_unlabel": 0.017935967072844505, "uncertainty_student_label": 0.0610005185008049, "uncertainty_student_unlabel": 0.01855507679283619, "_runtime": 94241, "_timestamp": 1677836436, "_step": 30149, "uncertainty_validation": 0.018993191421031952, "_wandb": {"runtime": 94241}}