{"iter": 1, "total_loss": 1.1987444162368774, "loss_ce": 0.5512093305587769, "loss_dice": 0.4753302037715912, "loss_sdf_1class": 0.6820884346961975, "consistency_segMse_loss": 0.04084719717502594, "consistency_1class_loss": 0.46169859170913696, "consistency_weight": 0.006737946999085467, "uncertainty_teacher": 0.6589419841766357, "uncertainty_student": {"_type": "histogram", "values": [457, 692, 769, 783, 885, 998, 1138, 1237, 1577, 1731, 1889, 2338, 2645, 3136, 3798, 4720, 5990, 7846, 10537, 14069, 19103, 26573, 36980, 52241, 74414, 105503, 149226, 206251, 286042, 404713, 625332, 1485331], "bins": [0.00019827875075861812, 0.021852871403098106, 0.04350746050477028, 0.0651620551943779, 0.08681664615869522, 0.10847123712301254, 0.13012583553791046, 0.15178042650222778, 0.1734350174665451, 0.19508960843086243, 0.21674419939517975, 0.23839879035949707, 0.2600533664226532, 0.2817079722881317, 0.30336257815361023, 0.32501715421676636, 0.3466717600822449, 0.368326336145401, 0.3899809420108795, 0.41163551807403564, 0.43329012393951416, 0.4549447000026703, 0.4765993058681488, 0.49825388193130493, 0.5199084877967834, 0.541563093662262, 0.5632176399230957, 0.5848722457885742, 0.6065268516540527, 0.6281814575195312, 0.649836003780365, 0.6714906096458435, 0.693145215511322]}, "_runtime": 262, "_timestamp": 1675232279, "_step": 0, "_wandb": {"runtime": 1656}}