{"iter": 30000, "total_loss": 0.02259589545428753, "loss_ce": 0.019722577184438705, "loss_dice": 0.017482250928878784, "loss_sdf_1class": 0.00493719382211566, "consistency_segMse_loss": 0.001121475943364203, "consistency_1class_loss": 0.014127368107438087, "consistency_weight": 0.1, "uncertainty_teacher_unlabel": 0.009087720885872841, "uncertainty_student_label": 0.03141995891928673, "uncertainty_student_unlabel": 0.021202074363827705, "_runtime": 76308, "_timestamp": 1677576235, "_step": 30149, "uncertainty_validation": 0.016935305669903755, "_wandb": {"runtime": 76309}}