{"iter": 30000, "total_loss": 0.03034946508705616, "loss_ce": 0.017393700778484344, "loss_dice": 0.016104280948638916, "loss_sdf_1class": 0.012726490385830402, "consistency_segMse_loss": 0.0013831467367708683, "consistency_1class_loss": 0.007356708403676748, "consistency_weight": 0.1, "uncertainty_teacher_unlabel": 0.006629112642258406, "uncertainty_student_label": 0.01437490526586771, "uncertainty_student_unlabel": 0.023498445749282837, "_runtime": 95978, "_timestamp": 1675762841, "_step": 30149, "uncertainty_validation": 0.01621921733021736, "_wandb": {"runtime": 95979}}