{"iter": 26200, "total_loss": 0.01662108488380909, "loss_ce": 0.011351801455020905, "loss_dice": 0.011738121509552002, "loss_sdf_1class": 0.008781258016824722, "consistency_segMse_loss": 0.0016509195556864142, "consistency_1class_loss": 0.0052040317095816135, "consistency_weight": 0.1, "uncertainty_teacher_unlabel": 0.03861097991466522, "uncertainty_student_label": 0.013921552337706089, "uncertainty_student_unlabel": 0.03568926453590393, "_runtime": 74264, "_timestamp": 1677498759, "_step": 26329, "uncertainty_validation": 0.017803573980927467}