{"iter": 30000, "total_loss": 0.028624245896935463, "loss_ce": 0.025869393721222878, "loss_dice": 0.02075132727622986, "loss_sdf_1class": 0.00863718707114458, "consistency_segMse_loss": 0.0022893946152180433, "consistency_1class_loss": 0.007663534954190254, "consistency_weight": 0.1, "uncertainty_teacher_unlabel": 0.02174312062561512, "uncertainty_student_label": 0.014173399657011032, "uncertainty_student_unlabel": 0.10362013429403305, "_runtime": 68836, "_timestamp": 1681948235, "_step": 30149, "uncertainty_validation": 0.01911662332713604, "_wandb": {"runtime": 68836}}