{"iter": 30000, "total_loss": 0.026735490188002586, "loss_ce": 0.02058718353509903, "loss_dice": 0.017703384160995483, "loss_sdf_1class": 0.00887095183134079, "consistency_segMse_loss": 0.018696149811148643, "consistency_1class_loss": 0.012851160950958729, "consistency_weight": 0.1, "uncertainty_teacher_unlabel": 0.693145215511322, "uncertainty_student_label": 0.014521068893373013, "uncertainty_student_unlabel": 0.6477900147438049, "_runtime": 57245, "_timestamp": 1677481436, "_step": 30149, "uncertainty_validation": 0.642049252986908, "_wandb": {"runtime": 57246}}