{"iter": 30000, "total_loss": 0.032265931367874146, "loss_ce": 0.017749330028891563, "loss_dice": 0.016355186700820923, "loss_sdf_1class": 0.009123116731643677, "consistency_segMse_loss": 0.0010253520449623466, "consistency_1class_loss": 0.005065201316028833, "consistency_weight": 1.0, "uncertainty_teacher_unlabel": 0.03650358319282532, "uncertainty_student_label": 0.014656996354460716, "uncertainty_student_unlabel": 0.01678006909787655, "_runtime": 94415, "_timestamp": 1675494263, "_step": 30149, "uncertainty_validation": 0.01612294837832451, "_wandb": {"runtime": 94416}}