{"iter": 30000, "total_loss": 0.03297073021531105, "loss_ce": 0.019355935975909233, "loss_dice": 0.018580466508865356, "loss_sdf_1class": 0.008449327200651169, "consistency_segMse_loss": 0.00040904825436882675, "consistency_1class_loss": 0.005161532666534185, "consistency_weight": 0.9968798777302081, "_runtime": 135256, "_timestamp": 1675313132, "_step": 29999, "_wandb": {"runtime": 135344}}