{"iter": 29293, "total_loss": 0.027105052024126053, "loss_ce": 0.010887607000768185, "loss_dice": 0.017340421676635742, "loss_sdf_1class": 0.008948777802288532, "consistency_segMse_loss": 0.001411284552887082, "consistency_1class_loss": 0.006698541343212128, "consistency_weight": 0.49843993886510407, "uncertainty_teacher_unlabel": 0.03864455595612526, "uncertainty_student_label": 0.011464913375675678, "uncertainty_student_unlabel": 0.026222625747323036, "_runtime": 89647, "_timestamp": 1675398662, "_step": 29438, "uncertainty_validation": 0.016413750126957893}