{"iter": 30000, "total_loss": 0.036020442843437195, "loss_ce": 0.02805502712726593, "loss_dice": 0.02525705099105835, "loss_sdf_1class": 0.01645670272409916, "consistency_segMse_loss": 0.0017830238211899996, "consistency_1class_loss": 0.00957751926034689, "consistency_weight": 0.1, "_runtime": 65687, "_timestamp": 1681944434, "_step": 30149, "uncertainty_validation": 0.017042912542819977, "_wandb": {"runtime": 65688}}