{"iter": 1, "total_loss": 1.1172385215759277, "supervised_loss": 1.1172385215759277, "_runtime": 86, "_timestamp": 1680684399, "_step": 0, "_wandb": {"runtime": 87}}