{"iter": 30000, "total_loss": 0.021336626261472702, "loss_ce": 0.02194490097463131, "loss_dice": 0.020289450883865356, "consistency_segMse_loss": 0.0021944898180663586, "consistency_weight": 0.1, "uncertainty_teacher_unlabel": 0.026239288970828056, "uncertainty_student_label": 0.024362999945878983, "uncertainty_student_unlabel": 0.03861336410045624, "_runtime": 47952, "_timestamp": 1677685751, "_step": 29999, "_wandb": {"runtime": 48020}}