{"iter": 71, "total_loss": 0.23732712864875793, "loss_ce": 0.09274611622095108, "loss_dice": 0.2731771171092987, "loss_sdf_1class": 0.10869965702295303, "consistency_segMse_loss": 0.011603719554841518, "consistency_1class_loss": 0.01168719120323658, "consistency_weight": 0.0006737946999085467, "uncertainty_teacher_unlabel": 0.35482272505760193, "uncertainty_student_label": 0.21184898912906647, "uncertainty_student_unlabel": 0.14724597334861755, "_runtime": 169, "_timestamp": 1677499793, "_step": 70, "_wandb": {"runtime": 171}}