{"iter": 2, "total_loss": 0.9670122861862183, "loss_ce": 0.42491477727890015, "loss_dice": 0.3825489282608032, "loss_sdf_1class": 0.5622168779373169, "consistency_segMse_loss": 0.012510753236711025, "consistency_1class_loss": 0.14533744752407074, "consistency_weight": 0.006737946999085467, "uncertainty_teacher_unlabel": 0.6489418745040894, "uncertainty_student_label": 0.5804752707481384, "uncertainty_student_unlabel": 0.6322433948516846, "_runtime": 14, "_timestamp": 1675239495, "_step": 1, "_wandb": {"runtime": 151}}