{"iter": 30000, "total_loss": 0.11401017010211945, "loss_seg": 0.05244748666882515, "loss_dice": 0.09770768880844116, "loss_hausdorff": 0.04136984050273895, "consistency_weight": 1.0, "consistency_loss": 0.0038915304467082024, "_runtime": 45450, "_timestamp": 1676492528, "_step": 29999, "_wandb": {"runtime": 45512}}