{"iter": 200, "total_loss": 0.1245296373963356, "loss_ce": 0.07874766737222672, "loss_dice": 0.10249456763267517, "loss_sdf_1class": 0.03382501378655434, "consistency_segMse_loss": 0.004874239210039377, "consistency_1class_loss": 0.007520815823227167, "consistency_weight": 0.006737946999085467, "uncertainty_teacher_unlabel": 0.24236036837100983, "uncertainty_student_label": 0.1320478469133377, "uncertainty_student_unlabel": 0.1148834228515625, "_runtime": 547, "_timestamp": 1675238811, "_step": 199, "_wandb": {"runtime": 624}}