{"iter": 1000, "total_loss": 0.08000727742910385, "loss_ce": 0.018392136320471764, "loss_dice": 0.1098380982875824, "loss_sdf_1class": 0.03108610399067402, "consistency_segMse_loss": 0.014750589616596699, "consistency_1class_loss": 0.006451321765780449, "consistency_weight": 0.016466202822947938, "_runtime": 8995, "_timestamp": 1681712450, "_step": 999, "_wandb": {"runtime": 9013}}